hp_setting,split,auc,balanced_accuracy,recall
feature_size_4_logistic_regression,1,0.5353535353535354,0.5707070707070707,0.7777777777777778
feature_size_4_logistic_regression,2,0.5025252525252526,0.5075757575757576,0.18181818181818182
feature_size_4_logistic_regression,3,0.49122807017543857,0.525062656641604,0.5263157894736842
feature_size_4_logistic_regression,4,0.6439393939393939,0.6161616161616161,0.7777777777777778
feature_size_4_logistic_regression,5,0.5038363171355498,0.5063938618925831,0.13043478260869565
