hp_setting,split,optimal,balanced_accuracy,recall,auc
feature_size_4_logistic_regression,1,False,0.6464646464646464,0.6111111111111112,0.6161616161616161
feature_size_4_logistic_regression,2,False,0.5463659147869674,0.47368421052631576,0.531328320802005
feature_size_4_logistic_regression,3,False,0.56265664160401,0.8095238095238095,0.6065162907268171
feature_size_4_logistic_regression,4,False,0.5202020202020202,0.3181818181818182,0.4166666666666667
feature_size_4_logistic_regression,5,False,0.45,0.4,0.4525
