hp_setting,split,balanced_accuracy,auc,recall
feature_size_4_logistic_regression,1,0.5703324808184144,0.6291560102301791,0.43478260869565216
feature_size_4_logistic_regression,2,0.575,0.5575,0.6
feature_size_4_logistic_regression,3,0.45864661654135336,0.5137844611528822,0.2857142857142857
feature_size_4_logistic_regression,4,0.6000000000000001,0.5333333333333333,0.8
feature_size_4_logistic_regression,5,0.556390977443609,0.6290726817042607,0.42857142857142855
